2.2 : SOAL DAN JAWABAN

1.Tampilkan data produk yang stoknya 3 dan 10
MariaDB [dbpossib7]> select * from produk where stok = 3 or stok = 10;
+----+------+-----------------+------------+------------+------+----------+-----------------+
| id | kode | nama            | harga_beli | harga_jual | stok | min_stok | jenis_produk_id |
+----+------+-----------------+------------+------------+------+----------+-----------------+
|  6 | PC01 | PC Desktop HP   |    7000000 |    9600000 |    3 |        2 |               5 |
|  9 | LN01 | Notebook Lenovo |    9000000 |   12000000 |    3 |        2 |               5 |
+----+------+-----------------+------------+------------+------+----------+-----------------+
2 rows in set (0.008 sec)


2.Tampilkan data produk yang harga jualnya kurang dari 5 juta tetapi lebih dari 500 ribu
MariaDB [dbpossib7]> select * from produk where harga_jual < 5000000 and harga_jual > 500000;
+----+------+----------------+------------+------------+------+----------+-----------------+
| id | kode | nama           | harga_beli | harga_jual | stok | min_stok | jenis_produk_id |
+----+------+----------------+------------+------------+------+----------+-----------------+
|  3 | K001 | Kulkas 2 pintu |    3500000 |    4867200 |    0 |        2 |               1 |
|  4 | M001 | Meja Makan     |     500000 |     660000 |    6 |        3 |               2 |
+----+------+----------------+------------+------------+------+----------+-----------------+
2 rows in set (0.002 sec)


3.Tampilkan data produk yang harus segera ditambah stoknya
MariaDB [dbpossib7]> select * from produk where min_stok > stok;
+----+------+----------------+------------+------------+------+----------+-----------------+
| id | kode | nama           | harga_beli | harga_jual | stok | min_stok | jenis_produk_id |
+----+------+----------------+------------+------------+------+----------+-----------------+
|  3 | K001 | Kulkas 2 pintu |    3500000 |    4867200 |    0 |        2 |               1 |
|  5 | TK01 | Teh Kotak      |       3000 |       4235 |    0 |       10 |               4 |
|  8 | AC01 | Notebook Acer  |    8000000 |   10800000 |    1 |        2 |               5 |
+----+------+----------------+------------+------------+------+----------+-----------------+
3 rows in set (0.001 sec)


4.Tampilkan data pelanggan mulai dari yang paling muda
MariaDB [dbpossib7]> select * from pelanggan order by tgl_lahir desc;
+----+------+---------------+------+------------+------------+----------------------+----------+
| id | kode | nama          | jk   | tmp_lahir  | tgl_lahir  | email                | kartu_id |
+----+------+---------------+------+------------+------------+----------------------+----------+
|  1 | C001 | Agung Sedayu  | L    | Solo       | 2010-01-01 | sedayu@gmail.com     |        1 |
|  9 | C009 | Ahmad Hasan   | L    | Surabaya   | 1992-10-15 | ahasan@gmail.com     |        4 |
| 10 | C010 | Cassanndra    | P    | Belfast    | 1990-11-20 | casa90@gmail.com     |        1 |
|  8 | C008 | Andre Haru    | L    | Surabaya   | 1990-07-15 | andre.haru@gmail.com |        4 |
|  7 | C007 | Dewi Gyat     | P    | Jakarta    | 1988-12-01 | giyat@gmail.com      |        1 |
|  6 | C006 | Gayatri Dwi   | P    | Jakarta    | 1987-11-28 | gaya87@gmail.com     |        1 |
|  5 | C005 | Pradabashu    | L    | Pati       | 1985-04-02 | prada85@gmail.com    |        2 |
|  3 | C003 | Sekar Mirah   | P    | Kediri     | 1983-02-20 | mirah@yahoo.com      |        1 |
|  4 | C004 | Swandaru Geni | L    | Kediri     | 1981-01-04 | swandaru@yahoo.com   |        4 |
|  2 | C002 | Pandan Wangi  | P    | Yogyakarta | 1950-01-01 | wangi@gmail.com      |        2 |
+----+------+---------------+------+------------+------------+----------------------+----------+
10 rows in set (0.000 sec)


5.Tampilkan data pelanggan yang lahirnya di Jakarta dan gendernya perempuan
MariaDB [dbpossib7]> select * from pelanggan where tmp_lahir = 'jakarta' and jk = 'p';
+----+------+-------------+------+-----------+------------+------------------+----------+
| id | kode | nama        | jk   | tmp_lahir | tgl_lahir  | email            | kartu_id |
+----+------+-------------+------+-----------+------------+------------------+----------+
|  6 | C006 | Gayatri Dwi | P    | Jakarta   | 1987-11-28 | gaya87@gmail.com |        1 |
|  7 | C007 | Dewi Gyat   | P    | Jakarta   | 1988-12-01 | giyat@gmail.com  |        1 |
+----+------+-------------+------+-----------+------------+------------------+----------+
2 rows in set (0.008 sec)


6.Tampilkan data pelanggan yang ID nya 2, 4 dan 6
MariaDB [dbpossib7]> select * from pelanggan where id in (2, 4, 6);
+----+------+---------------+------+------------+------------+--------------------+----------+
| id | kode | nama          | jk   | tmp_lahir  | tgl_lahir  | email              | kartu_id |
+----+------+---------------+------+------------+------------+--------------------+----------+
|  2 | C002 | Pandan Wangi  | P    | Yogyakarta | 1950-01-01 | wangi@gmail.com    |        2 |
|  4 | C004 | Swandaru Geni | L    | Kediri     | 1981-01-04 | swandaru@yahoo.com |        4 |
|  6 | C006 | Gayatri Dwi   | P    | Jakarta    | 1987-11-28 | gaya87@gmail.com   |        1 |
+----+------+---------------+------+------------+------------+--------------------+----------+
3 rows in set (0.007 sec)


7.Tampilkan data produk yang harganya antara 500 ribu sampai 6 juta
MariaDB [dbpossib7]> select * from produk where harga_jual >= 500000 and harga_jual <= 6000000;
+----+------+------------------+------------+------------+------+----------+-----------------+
| id | kode | nama             | harga_beli | harga_jual | stok | min_stok | jenis_produk_id |
+----+------+------------------+------------+------------+------+----------+-----------------+
|  1 | TV01 | Televisi 21 inch |    3500000 |    5241600 | NULL |        2 |               1 |
|  3 | K001 | Kulkas 2 pintu   |    3500000 |    4867200 |    0 |        2 |               1 |
|  4 | M001 | Meja Makan       |     500000 |     660000 |    6 |        3 |               2 |
+----+------+------------------+------------+------------+------+----------+-----------------+
3 rows in set (0.000 sec)