2.4 : SOAL DAN JAWABAN

1.Tampilkan 2 data produk termahal
MariaDB [dbpossib7]> select * from produk order by harga_beli desc limit 2;
+----+------+-----------------+------------+------------+------+----------+-----------------+
| id | kode | nama            | harga_beli | harga_jual | stok | min_stok | jenis_produk_id |
+----+------+-----------------+------------+------------+------+----------+-----------------+
|  9 | LN01 | Notebook Lenovo |    9000000 |   12000000 |    3 |        2 |               5 |
|  8 | AC01 | Notebook Acer   |    8000000 |   10800000 |    1 |        2 |               5 |
+----+------+-----------------+------------+------------+------+----------+-----------------+
2 rows in set (0.008 sec)


2.Tampilkan produk yang paling murah
MariaDB [dbpossib7]> select * from produk order by harga_beli asc limit 1;
+----+------+-----------+------------+------------+------+----------+-----------------+
| id | kode | nama      | harga_beli | harga_jual | stok | min_stok | jenis_produk_id |
+----+------+-----------+------------+------------+------+----------+-----------------+
|  7 | TB01 | Teh Botol |       2000 |       3025 |   39 |       10 |               4 |
+----+------+-----------+------------+------------+------+----------+-----------------+
1 row in set (0.000 sec)


3.Tampilkan produk yang stoknya paling banyak
MariaDB [dbpossib7]> select * from produk order by stok desc limit 1;
+----+------+-----------+------------+------------+------+----------+-----------------+
| id | kode | nama      | harga_beli | harga_jual | stok | min_stok | jenis_produk_id |
+----+------+-----------+------------+------------+------+----------+-----------------+
|  7 | TB01 | Teh Botol |       2000 |       3025 |   39 |       10 |               4 |
+----+------+-----------+------------+------------+------+----------+-----------------+
1 row in set (0.000 sec)


4.Tampilkan dua produk yang stoknya paling sedikit
MariaDB [dbpossib7]> select * from produk order by stok asc limit 2;
+----+------+------------------+------------+------------+------+----------+-----------------+
| id | kode | nama             | harga_beli | harga_jual | stok | min_stok | jenis_produk_id |
+----+------+------------------+------------+------------+------+----------+-----------------+
|  1 | TV01 | Televisi 21 inch |    3500000 |    5241600 | NULL |        2 |               1 |
|  3 | K001 | Kulkas 2 pintu   |    3500000 |    4867200 |    0 |        2 |               1 |
+----+------+------------------+------------+------------+------+----------+-----------------+
2 rows in set (0.000 sec)


5.Tampilkan pelanggan yang paling muda
MariaDB [dbpossib7]> select * from pelanggan order by tgl_lahir desc limit 1;
+----+------+--------------+------+-----------+------------+------------------+----------+
| id | kode | nama         | jk   | tmp_lahir | tgl_lahir  | email            | kartu_id |
+----+------+--------------+------+-----------+------------+------------------+----------+
|  1 | C001 | Agung Sedayu | L    | Solo      | 2010-01-01 | sedayu@gmail.com |        1 |
+----+------+--------------+------+-----------+------------+------------------+----------+
1 row in set (0.007 sec)


6. Tampilkan pelanggan yang paling tua
MariaDB [dbpossib7]> select * from pelanggan order by tgl_lahir asc limit 1;
+----+------+--------------+------+------------+------------+-----------------+----------+
| id | kode | nama         | jk   | tmp_lahir  | tgl_lahir  | email           | kartu_id |
+----+------+--------------+------+------------+------------+-----------------+----------+
|  2 | C002 | Pandan Wangi | P    | Yogyakarta | 1950-01-01 | wangi@gmail.com |        2 |
+----+------+--------------+------+------------+------------+-----------------+----------+
1 row in set (0.000 sec)