2.3 : SOAL DAN JAWABAN

1.Tampilkan produk yang kode awalnya huruf K dan huruf M
MariaDB [dbpossib7]> select * from produk where kode like 'k%' or kode like 'm%';
+----+------+----------------+------------+------------+------+----------+-----------------+
| id | kode | nama           | harga_beli | harga_jual | stok | min_stok | jenis_produk_id |
+----+------+----------------+------------+------------+------+----------+-----------------+
|  3 | K001 | Kulkas 2 pintu |    3500000 |    4867200 |    0 |        2 |               1 |
|  4 | M001 | Meja Makan     |     500000 |     660000 |    6 |        3 |               2 |
+----+------+----------------+------------+------------+------+----------+-----------------+
2 rows in set (0.027 sec)


2.Tampilkan produk yang kode awalnya bukan huruf M
MariaDB [dbpossib7]> select * from produk where kode not like 'm%';
+----+------+------------------+------------+------------+------+----------+-----------------+
| id | kode | nama             | harga_beli | harga_jual | stok | min_stok | jenis_produk_id |
+----+------+------------------+------------+------------+------+----------+-----------------+
|  1 | TV01 | Televisi 21 inch |    3500000 |    5241600 | NULL |        2 |               1 |
|  2 | TV02 | Televisi 40 inch |    5500000 |    7737600 |    5 |        2 |               1 |
|  3 | K001 | Kulkas 2 pintu   |    3500000 |    4867200 |    0 |        2 |               1 |
|  5 | TK01 | Teh Kotak        |       3000 |       4235 |    0 |       10 |               4 |
|  6 | PC01 | PC Desktop HP    |    7000000 |    9600000 |    3 |        2 |               5 |
|  7 | TB01 | Teh Botol        |       2000 |       3025 |   39 |       10 |               4 |
|  8 | AC01 | Notebook Acer    |    8000000 |   10800000 |    1 |        2 |               5 |
|  9 | LN01 | Notebook Lenovo  |    9000000 |   12000000 |    3 |        2 |               5 |
+----+------+------------------+------------+------------+------+----------+-----------------+
8 rows in set (0.000 sec)


3.Tampilkan produk-produk televisi
MariaDB [dbpossib7]> select * from produk where nama like '%televisi%';
+----+------+------------------+------------+------------+------+----------+-----------------+
| id | kode | nama             | harga_beli | harga_jual | stok | min_stok | jenis_produk_id |
+----+------+------------------+------------+------------+------+----------+-----------------+
|  1 | TV01 | Televisi 21 inch |    3500000 |    5241600 | NULL |        2 |               1 |
|  2 | TV02 | Televisi 40 inch |    5500000 |    7737600 |    5 |        2 |               1 |
+----+------+------------------+------------+------------+------+----------+-----------------+
2 rows in set (0.000 sec)


4.Tampilkan pelanggan mengandung huruf 'SA'
MariaDB [dbpossib7]> select * from pelanggan where nama like '%sa%';
+----+------+-------------+------+-----------+------------+------------------+----------+
| id | kode | nama        | jk   | tmp_lahir | tgl_lahir  | email            | kartu_id |
+----+------+-------------+------+-----------+------------+------------------+----------+
|  9 | C009 | Ahmad Hasan | L    | Surabaya  | 1992-10-15 | ahasan@gmail.com |        4 |
| 10 | C010 | Cassanndra  | P    | Belfast   | 1990-11-20 | casa90@gmail.com |        1 |
+----+------+-------------+------+-----------+------------+------------------+----------+
2 rows in set (0.008 sec)


5.Tampilkan pelanggan yang lahirnya bukan di Jakarta dan mengandung huruf ‘yo‘
MariaDB [dbpossib7]> select * from pelanggan where tmp_lahir != 'jakarta' and nama like '%yo%';
Empty set (0.003 sec)


6. Tampilkan pelanggan yang karakter huruf ke – 2 nya adalah A
MariaDB [dbpossib7]> select * from pelanggan where nama like '_a%';
+----+------+--------------+------+------------+------------+------------------+----------+
| id | kode | nama         | jk   | tmp_lahir  | tgl_lahir  | email            | kartu_id |
+----+------+--------------+------+------------+------------+------------------+----------+
|  2 | C002 | Pandan Wangi | P    | Yogyakarta | 1950-01-01 | wangi@gmail.com  |        2 |
|  6 | C006 | Gayatri Dwi  | P    | Jakarta    | 1987-11-28 | gaya87@gmail.com |        1 |
| 10 | C010 | Cassanndra   | P    | Belfast    | 1990-11-20 | casa90@gmail.com |        1 |
+----+------+--------------+------+------------+------------+------------------+----------+
3 rows in set (0.000 sec)